-- ----------------------------
-- Records of season
-- ----------------------------
INSERT INTO `season` VALUES ('402891815e7a02f0015e7a02f51a0000', 0xACED00057372000D6A6176612E74696D652E536572955D84BA1B2248B20C00007870770703000007E1061278, '2016-2017', 0xACED00057372000D6A6176612E74696D652E536572955D84BA1B2248B20C00007870770703000007E00A1978);
INSERT INTO `season` VALUES ('402891815e7a02f0015e7a02f5530001', 0xACED00057372000D6A6176612E74696D652E536572955D84BA1B2248B20C00007870770703000007E0061378, '2015-2016', 0xACED00057372000D6A6176612E74696D652E536572955D84BA1B2248B20C00007870770703000007DF0A1B78);

-- ----------------------------
-- Records of team
-- ----------------------------
INSERT INTO `team` VALUES ('402891815e7a02f0015e7a02f55a0002', 'Golden State Warriors', '1', '4');
INSERT INTO `team` VALUES ('402891815e7a02f0015e7a02f55f0003', 'Cleveland Cavaliers', '2', '1');


-- ----------------------------
-- Records of court
-- ----------------------------
INSERT INTO `court` VALUES ('402891815e7a02f0015e7a02f5650004', '7000 Coliseum Way, Oakland, CA 94621, USA', 'Oracle Arena');
INSERT INTO `court` VALUES ('402891815e7a02f0015e7a02f56a0005', '1 Center Ct, Cleveland, OH 44115, USA', 'Quicken Loans Arena');

-- ----------------------------
-- Records of player
-- ----------------------------
INSERT INTO `player` VALUES ('402891815e7a02f0015e7a02f5b40014', 0xACED00057372000D6A6176612E74696D652E536572955D84BA1B2248B20C00007870770703000007CB0A1978, '0', '1.97', 'Patrick McCaw', '0', '83.90', '402891815e7a02f0015e7a02f55a0002');
INSERT INTO `player` VALUES ('402891815e7a02f0015e7a02f5bb0015', 0xACED00057372000D6A6176612E74696D652E536572955D84BA1B2248B20C00007870770703000007C4011378, '0', '2.13', 'JaVale McGee', '1', '122.50', '402891815e7a02f0015e7a02f55a0002');
INSERT INTO `player` VALUES ('402891815e7a02f0015e7a02f5c00016', 0xACED00057372000D6A6176612E74696D652E536572955D84BA1B2248B20C00007870770703000007BC081D78, '0', '2.05', 'David West', '3', '113.40', '402891815e7a02f0015e7a02f55a0002');
INSERT INTO `player` VALUES ('402891815e7a02f0015e7a02f5c40017', 0xACED00057372000D6A6176612E74696D652E536572955D84BA1B2248B20C00007870770703000007CC020678, '0', '2.05', 'Kevon Looney', '5', '99.80', '402891815e7a02f0015e7a02f55a0002');
INSERT INTO `player` VALUES ('402891815e7a02f0015e7a02f5c90018', 0xACED00057372000D6A6176612E74696D652E536572955D84BA1B2248B20C00007870770703000007C0011C78, '0', '1.98', 'Andre Iguodala', '9', '97.50', '402891815e7a02f0015e7a02f55a0002');

-- ----------------------------
-- Records of coach
-- ----------------------------
INSERT INTO `coach` VALUES ('402891815e946d3f015e946d44b50000', 0xACED00057372000D6A6176612E74696D652E536572955D84BA1B2248B20C00007870770703000007AF091B78, '0', 'Steve Kerr', '402891815e7a02f0015e7a02f55a0002');
INSERT INTO `coach` VALUES ('402891815e946d3f015e946d452d0001', 0xACED00057372000D6A6176612E74696D652E536572955D84BA1B2248B20C00007870770703000007B9050378, '0', 'Tyronn Lue', '402891815e7a02f0015e7a02f55f0003');

-- ----------------------------
-- Records of game
-- ----------------------------
INSERT INTO `game` VALUES ('402891815e7a02f0015e7a02f5700006', 0xACED00057372000D6A6176612E74696D652E536572955D84BA1B2248B20C00007870770703000007E1060178, '3', '402891815e7a02f0015e7a02f55f0003', '402891815e7a02f0015e7a02f5650004', '402891815e7a02f0015e7a02f55a0002', '402891815e7a02f0015e7a02f51a0000');
INSERT INTO `game` VALUES ('402891815e7a02f0015e7a02f5750007', 0xACED00057372000D6A6176612E74696D652E536572955D84BA1B2248B20C00007870770703000007E1060478, '3', '402891815e7a02f0015e7a02f55f0003', '402891815e7a02f0015e7a02f5650004', '402891815e7a02f0015e7a02f55a0002', '402891815e7a02f0015e7a02f51a0000');
INSERT INTO `game` VALUES ('402891815e7a02f0015e7a02f57c0008', 0xACED00057372000D6A6176612E74696D652E536572955D84BA1B2248B20C00007870770703000007E1060778, '3', '402891815e7a02f0015e7a02f55a0002', '402891815e7a02f0015e7a02f56a0005', '402891815e7a02f0015e7a02f55f0003', '402891815e7a02f0015e7a02f51a0000');
INSERT INTO `game` VALUES ('402891815e7a02f0015e7a02f5800009', 0xACED00057372000D6A6176612E74696D652E536572955D84BA1B2248B20C00007870770703000007E1060978, '3', '402891815e7a02f0015e7a02f55a0002', '402891815e7a02f0015e7a02f56a0005', '402891815e7a02f0015e7a02f55f0003', '402891815e7a02f0015e7a02f51a0000');
INSERT INTO `game` VALUES ('402891815e7a02f0015e7a02f585000a', 0xACED00057372000D6A6176612E74696D652E536572955D84BA1B2248B20C00007870770703000007E1060C78, '3', '402891815e7a02f0015e7a02f55f0003', '402891815e7a02f0015e7a02f5650004', '402891815e7a02f0015e7a02f55a0002', '402891815e7a02f0015e7a02f51a0000');
INSERT INTO `game` VALUES ('402891815e7a02f0015e7a02f589000b', 0xACED00057372000D6A6176612E74696D652E536572955D84BA1B2248B20C00007870770703000007E1060F78, '3', '402891815e7a02f0015e7a02f55f0003', '402891815e7a02f0015e7a02f56a0005', '402891815e7a02f0015e7a02f55a0002', '402891815e7a02f0015e7a02f51a0000');
INSERT INTO `game` VALUES ('402891815e7a02f0015e7a02f58e000c', 0xACED00057372000D6A6176612E74696D652E536572955D84BA1B2248B20C00007870770703000007E1061278, '3', '402891815e7a02f0015e7a02f55f0003', '402891815e7a02f0015e7a02f5650004', '402891815e7a02f0015e7a02f55a0002', '402891815e7a02f0015e7a02f51a0000');
INSERT INTO `game` VALUES ('402891815e7a02f0015e7a02f592000d', 0xACED00057372000D6A6176612E74696D652E536572955D84BA1B2248B20C00007870770703000007E0060278, '3', '402891815e7a02f0015e7a02f55f0003', '402891815e7a02f0015e7a02f5650004', '402891815e7a02f0015e7a02f55a0002', '402891815e7a02f0015e7a02f5530001');
INSERT INTO `game` VALUES ('402891815e7a02f0015e7a02f597000e', 0xACED00057372000D6A6176612E74696D652E536572955D84BA1B2248B20C00007870770703000007E0060578, '3', '402891815e7a02f0015e7a02f55f0003', '402891815e7a02f0015e7a02f5650004', '402891815e7a02f0015e7a02f55a0002', '402891815e7a02f0015e7a02f5530001');
INSERT INTO `game` VALUES ('402891815e7a02f0015e7a02f59d000f', 0xACED00057372000D6A6176612E74696D652E536572955D84BA1B2248B20C00007870770703000007E0060878, '3', '402891815e7a02f0015e7a02f55a0002', '402891815e7a02f0015e7a02f56a0005', '402891815e7a02f0015e7a02f55f0003', '402891815e7a02f0015e7a02f5530001');
INSERT INTO `game` VALUES ('402891815e7a02f0015e7a02f5a20010', 0xACED00057372000D6A6176612E74696D652E536572955D84BA1B2248B20C00007870770703000007E0060A78, '3', '402891815e7a02f0015e7a02f55a0002', '402891815e7a02f0015e7a02f56a0005', '402891815e7a02f0015e7a02f55f0003', '402891815e7a02f0015e7a02f5530001');
INSERT INTO `game` VALUES ('402891815e7a02f0015e7a02f5a60011', 0xACED00057372000D6A6176612E74696D652E536572955D84BA1B2248B20C00007870770703000007E0060D78, '3', '402891815e7a02f0015e7a02f55f0003', '402891815e7a02f0015e7a02f5650004', '402891815e7a02f0015e7a02f55a0002', '402891815e7a02f0015e7a02f5530001');
INSERT INTO `game` VALUES ('402891815e7a02f0015e7a02f5ab0012', 0xACED00057372000D6A6176612E74696D652E536572955D84BA1B2248B20C00007870770703000007E0061078, '3', '402891815e7a02f0015e7a02f55f0003', '402891815e7a02f0015e7a02f56a0005', '402891815e7a02f0015e7a02f55a0002', '402891815e7a02f0015e7a02f5530001');
INSERT INTO `game` VALUES ('402891815e7a02f0015e7a02f5af0013', 0xACED00057372000D6A6176612E74696D652E536572955D84BA1B2248B20C00007870770703000007E0061378, '3', '402891815e7a02f0015e7a02f55f0003', '402891815e7a02f0015e7a02f5650004', '402891815e7a02f0015e7a02f55a0002', '402891815e7a02f0015e7a02f5530001');




